{"cameraMode":{"drawMode":2,"name":"Shaded Wireframe","section":"Shading Mode"},"sceneLighting":true,"audioPlay":false,"sceneViewState":{"showFog":true,"showMaterialUpdate":false,"showSkybox":true,"showFlares":true,"showImageEffects":true,"showParticleSystems":true},"in2DMode":false,"pivot":{"x":0.605869710445404,"y":1.0381052494049073,"z":-2.951385974884033},"rotation":{"x":-0.32960230112075808,"y":-0.6009273529052734,"z":0.2980726957321167,"w":-0.6643803715705872},"size":3.409322500228882,"orthographic":true}