{"cameraMode":{"drawMode":2,"name":"Shaded Wireframe","section":"Shading Mode"},"sceneLighting":true,"audioPlay":false,"sceneViewState":{"showFog":true,"showMaterialUpdate":false,"showSkybox":true,"showFlares":true,"showImageEffects":true,"showParticleSystems":true},"in2DMode":false,"pivot":{"x":0.605869710445404,"y":1.0381052494049073,"z":-2.951385974884033},"rotation":{"x":-0.0994030311703682,"y":-0.2713177800178528,"z":0.028148863464593889,"w":-0.9569291472434998},"size":1.789432406425476,"orthographic":true}