{"cameraMode":{"drawMode":2,"name":"Shaded Wireframe","section":"Shading Mode"},"sceneLighting":true,"audioPlay":false,"sceneViewState":{"showFog":true,"showMaterialUpdate":false,"showSkybox":true,"showFlares":true,"showImageEffects":true,"showParticleSystems":true},"in2DMode":false,"pivot":{"x":0.18647873401641847,"y":0.08978259563446045,"z":-1.5742967128753663},"rotation":{"x":0.14218683540821076,"y":-0.09930134564638138,"z":0.01433821115642786,"w":0.9847418665885925},"size":3.940397024154663,"orthographic":false}