{"cameraMode":{"drawMode":2,"name":"Shaded Wireframe","section":"Shading Mode"},"sceneLighting":true,"audioPlay":false,"sceneViewState":{"showFog":true,"showMaterialUpdate":false,"showSkybox":true,"showFlares":true,"showImageEffects":true,"showParticleSystems":true},"in2DMode":false,"pivot":{"x":-0.1685791015625,"y":0.703857421875,"z":-3.40673828125},"rotation":{"x":-0.20034655928611756,"y":0.21807502210140229,"z":-0.045829325914382938,"w":-0.9540463089942932},"size":1.6909399032592774,"orthographic":true}