{"cameraMode":{"drawMode":2,"name":"Shaded Wireframe","section":"Shading Mode"},"sceneLighting":true,"audioPlay":false,"sceneViewState":{"showFog":true,"showMaterialUpdate":false,"showSkybox":true,"showFlares":true,"showImageEffects":true,"showParticleSystems":true},"in2DMode":false,"pivot":{"x":0.05638885498046875,"y":0.6839723587036133,"z":-3.24200439453125},"rotation":{"x":0.49253329634666445,"y":-0.10265536606311798,"z":0.05864143371582031,"w":0.8622261881828308},"size":1.9680672883987427,"orthographic":true}