{"cameraMode":{"drawMode":2,"name":"Shaded Wireframe","section":"Shading Mode"},"sceneLighting":true,"audioPlay":false,"sceneViewState":{"showFog":true,"showMaterialUpdate":false,"showSkybox":true,"showFlares":true,"showImageEffects":true,"showParticleSystems":true},"in2DMode":false,"pivot":{"x":0.05597686767578125,"y":0.84429931640625,"z":-2.6304931640625},"rotation":{"x":0.17459116876125337,"y":-0.010339027270674706,"z":0.0018330669263377786,"w":0.9845850467681885},"size":1.5221713781356812,"orthographic":true}