{"cameraMode":{"drawMode":2,"name":"Shaded Wireframe","section":"Shading Mode"},"sceneLighting":false,"audioPlay":false,"sceneViewState":{"showFog":true,"showMaterialUpdate":false,"showSkybox":true,"showFlares":true,"showImageEffects":true,"showParticleSystems":true},"in2DMode":false,"pivot":{"x":0.0,"y":0.006221994757652283,"z":0.18583425879478455},"rotation":{"x":-0.15716210007667542,"y":0.7063653469085693,"z":-0.16569191217422486,"w":-0.6699957847595215},"size":1.3248337507247925,"orthographic":false}