{"cameraMode":{"drawMode":2,"name":"Shaded Wireframe","section":"Shading Mode"},"sceneLighting":true,"audioPlay":false,"sceneViewState":{"showFog":true,"showMaterialUpdate":false,"showSkybox":true,"showFlares":true,"showImageEffects":true,"showParticleSystems":true},"in2DMode":false,"pivot":{"x":-0.15255314111709596,"y":0.5980474352836609,"z":-2.3797686100006105},"rotation":{"x":-0.15716210007667542,"y":0.7063653469085693,"z":-0.16569191217422486,"w":-0.6699957847595215},"size":1.2010688781738282,"orthographic":false}