{"cameraMode":{"drawMode":2,"name":"Shaded Wireframe","section":"Shading Mode"},"sceneLighting":true,"audioPlay":false,"sceneViewState":{"showFog":true,"showMaterialUpdate":false,"showSkybox":true,"showFlares":true,"showImageEffects":true,"showParticleSystems":true},"in2DMode":false,"pivot":{"x":-0.07720454782247544,"y":0.817630410194397,"z":-3.451902151107788},"rotation":{"x":0.13695721328258515,"y":-0.011886862106621266,"z":0.0016436951700598002,"w":0.9905043244361877},"size":0.8857882618904114,"orthographic":false}