{"cameraMode":{"drawMode":2,"name":"Shaded Wireframe","section":"Shading Mode"},"sceneLighting":true,"audioPlay":false,"sceneViewState":{"showFog":true,"showMaterialUpdate":false,"showSkybox":true,"showFlares":true,"showImageEffects":true,"showParticleSystems":true},"in2DMode":false,"pivot":{"x":0.15700000524520875,"y":0.10000000149011612,"z":0.5},"rotation":{"x":-0.07189774513244629,"y":-0.033204030245542529,"z":0.0023947572335600855,"w":-0.9968563318252564},"size":0.46339988708496096,"orthographic":true}