{"cameraMode":{"drawMode":2,"name":"Shaded Wireframe","section":"Shading Mode"},"sceneLighting":true,"audioPlay":false,"sceneViewState":{"showFog":true,"showMaterialUpdate":false,"showSkybox":true,"showFlares":true,"showImageEffects":true,"showParticleSystems":true},"in2DMode":false,"pivot":{"x":-0.01702880859375,"y":1.0463027954101563,"z":-3.46923828125},"rotation":{"x":0.20831845700740815,"y":-0.6286731958389282,"z":0.18012100458145142,"w":0.7272756695747376},"size":2.537966728210449,"orthographic":true}