{"cameraMode":{"drawMode":2,"name":"Shaded Wireframe","section":"Shading Mode"},"sceneLighting":true,"audioPlay":false,"sceneViewState":{"showFog":true,"showMaterialUpdate":false,"showSkybox":true,"showFlares":true,"showImageEffects":true,"showParticleSystems":true},"in2DMode":false,"pivot":{"x":0.4180259704589844,"y":1.339599609375,"z":-3.34521484375},"rotation":{"x":-0.13005900382995606,"y":0.0321243479847908,"z":-0.004246057942509651,"w":-0.9909766912460327},"size":1.345276951789856,"orthographic":true}