{"cameraMode":{"drawMode":2,"name":"Shaded Wireframe","section":"Shading Mode"},"sceneLighting":true,"audioPlay":false,"sceneViewState":{"showFog":true,"showMaterialUpdate":false,"showSkybox":true,"showFlares":true,"showImageEffects":true,"showParticleSystems":true},"in2DMode":false,"pivot":{"x":0.46849632263183596,"y":2.5542335510253908,"z":-2.5773894786834719},"rotation":{"x":0.10285083204507828,"y":-0.4612954556941986,"z":0.05393817275762558,"w":0.8796129822731018},"size":1.601522445678711,"orthographic":false}