{"cameraMode":{"drawMode":2,"name":"Shaded Wireframe","section":"Shading Mode"},"sceneLighting":true,"audioPlay":false,"sceneViewState":{"showFog":true,"showMaterialUpdate":false,"showSkybox":true,"showFlares":true,"showImageEffects":true,"showParticleSystems":true},"in2DMode":false,"pivot":{"x":-0.06948260217905045,"y":-0.01588699221611023,"z":0.04560112953186035},"rotation":{"x":-0.018936237320303918,"y":0.9770691394805908,"z":-0.18781310319900514,"w":-0.09850680083036423},"size":0.7552010416984558,"orthographic":false}