{"cameraMode":{"drawMode":2,"name":"Shaded Wireframe","section":"Shading Mode"},"sceneLighting":true,"audioPlay":false,"sceneViewState":{"showFog":true,"showMaterialUpdate":false,"showSkybox":true,"showFlares":true,"showImageEffects":true,"showParticleSystems":true},"in2DMode":false,"pivot":{"x":0.588895320892334,"y":1.054402470588684,"z":-3.434769630432129},"rotation":{"x":0.14573809504508973,"y":-0.14633964002132417,"z":0.02180260792374611,"w":0.9781972765922546},"size":0.4287334680557251,"orthographic":false}