{"cameraMode":{"drawMode":2,"name":"Shaded Wireframe","section":"Shading Mode"},"sceneLighting":true,"audioPlay":false,"sceneViewState":{"showFog":true,"showMaterialUpdate":false,"showSkybox":true,"showFlares":true,"showImageEffects":true,"showParticleSystems":true},"in2DMode":false,"pivot":{"x":0.7418012619018555,"y":0.7245758175849915,"z":-2.81721568107605},"rotation":{"x":0.12780392169952393,"y":0.06095531955361366,"z":-0.007869868539273739,"w":0.9898933172225952},"size":1.48982572555542,"orthographic":false}