{"cameraMode":{"drawMode":2,"name":"Shaded Wireframe","section":"Shading Mode"},"sceneLighting":true,"audioPlay":false,"sceneViewState":{"showFog":true,"showMaterialUpdate":false,"showSkybox":true,"showFlares":true,"showImageEffects":true,"showParticleSystems":true},"in2DMode":false,"pivot":{"x":-0.01702880859375,"y":1.0463027954101563,"z":-3.46923828125},"rotation":{"x":0.001640856615267694,"y":-0.9277265071868897,"z":0.3732340335845947,"w":0.00416799308732152},"size":2.537966728210449,"orthographic":true}