{"cameraMode":{"drawMode":2,"name":"Shaded Wireframe","section":"Shading Mode"},"sceneLighting":true,"audioPlay":false,"sceneViewState":{"showFog":true,"showMaterialUpdate":false,"showSkybox":true,"showFlares":true,"showImageEffects":true,"showParticleSystems":true},"in2DMode":false,"pivot":{"x":-0.2330169677734375,"y":0.889892578125,"z":-3.0848388671875},"rotation":{"x":0.02090207114815712,"y":0.9468357563018799,"z":-0.31482264399528506,"w":0.06286383420228958},"size":1.1031684875488282,"orthographic":true}