{"cameraMode":{"drawMode":2,"name":"Shaded Wireframe","section":"Shading Mode"},"sceneLighting":true,"audioPlay":false,"sceneViewState":{"showFog":true,"showMaterialUpdate":false,"showSkybox":true,"showFlares":true,"showImageEffects":true,"showParticleSystems":true},"in2DMode":false,"pivot":{"x":-0.03405243158340454,"y":1.307450771331787,"z":-1.6860880851745606},"rotation":{"x":-0.12854734063148499,"y":-0.1024489626288414,"z":-0.013352381996810437,"w":0.9863070249557495},"size":1.971266508102417,"orthographic":false}