{"cameraMode":{"drawMode":2,"name":"Shaded Wireframe","section":"Shading Mode"},"sceneLighting":true,"audioPlay":false,"sceneViewState":{"showFog":true,"showMaterialUpdate":false,"showSkybox":true,"showFlares":true,"showImageEffects":true,"showParticleSystems":true},"in2DMode":false,"pivot":{"x":-0.1777629852294922,"y":0.531982421875,"z":-3.41424560546875},"rotation":{"x":0.11798938363790512,"y":0.06220630928874016,"z":-0.007372659165412188,"w":0.991037130355835},"size":1.3783894777297974,"orthographic":true}