{"cameraMode":{"drawMode":2,"name":"Shaded Wireframe","section":"Shading Mode"},"sceneLighting":true,"audioPlay":false,"sceneViewState":{"showFog":true,"showMaterialUpdate":false,"showSkybox":true,"showFlares":true,"showImageEffects":true,"showParticleSystems":true},"in2DMode":false,"pivot":{"x":0.03811297565698624,"y":1.0860588550567628,"z":-3.000295639038086},"rotation":{"x":0.10032369196414948,"y":-0.011939818039536477,"z":0.0012038267450407148,"w":0.9948825240135193},"size":1.437880039215088,"orthographic":true}