{"cameraMode":{"drawMode":2,"name":"Shaded Wireframe","section":"Shading Mode"},"sceneLighting":true,"audioPlay":false,"sceneViewState":{"showFog":true,"showMaterialUpdate":false,"showSkybox":true,"showFlares":true,"showImageEffects":true,"showParticleSystems":true},"in2DMode":false,"pivot":{"x":-0.10996238887310028,"y":1.312000036239624,"z":-3.0},"rotation":{"x":-0.16274574398994447,"y":0.017171494662761689,"z":-0.002862906316295266,"w":-0.9865144491195679},"size":1.4283881187438965,"orthographic":true}