{"cameraMode":{"drawMode":2,"name":"Shaded Wireframe","section":"Shading Mode"},"sceneLighting":true,"audioPlay":false,"sceneViewState":{"showFog":true,"showMaterialUpdate":false,"showSkybox":true,"showFlares":true,"showImageEffects":true,"showParticleSystems":true},"in2DMode":false,"pivot":{"x":2.6986842155456545,"y":2.7008328437805177,"z":-3.268519878387451},"rotation":{"x":-0.12427712231874466,"y":-0.7304820418357849,"z":0.13814373314380647,"w":-0.6571662425994873},"size":3.6172022819519045,"orthographic":false}