{"cameraMode":{"drawMode":2,"name":"Shaded Wireframe","section":"Shading Mode"},"sceneLighting":true,"audioPlay":false,"sceneViewState":{"showFog":true,"showMaterialUpdate":false,"showSkybox":true,"showFlares":true,"showImageEffects":true,"showParticleSystems":true},"in2DMode":false,"pivot":{"x":-0.1777629852294922,"y":0.531982421875,"z":-3.41424560546875},"rotation":{"x":0.5540054440498352,"y":-0.041415080428123477,"z":0.02764955349266529,"w":0.8310224413871765},"size":0.8875831961631775,"orthographic":true}