{"cameraMode":{"drawMode":2,"name":"Shaded Wireframe","section":"Shading Mode"},"sceneLighting":true,"audioPlay":false,"sceneViewState":{"showFog":true,"showMaterialUpdate":false,"showSkybox":true,"showFlares":true,"showImageEffects":true,"showParticleSystems":true},"in2DMode":false,"pivot":{"x":0.0,"y":0.0046664997935295109,"z":-0.017283901572227479},"rotation":{"x":0.12780392169952393,"y":0.06095531955361366,"z":-0.007869868539273739,"w":0.9898933172225952},"size":0.29786866903305056,"orthographic":false}