{"cameraMode":{"drawMode":2,"name":"Shaded Wireframe","section":"Shading Mode"},"sceneLighting":true,"audioPlay":false,"sceneViewState":{"showFog":true,"showMaterialUpdate":false,"showSkybox":true,"showFlares":true,"showImageEffects":true,"showParticleSystems":true},"in2DMode":false,"pivot":{"x":0.06054852902889252,"y":0.5785377025604248,"z":-2.1153817176818849},"rotation":{"x":0.13397610187530518,"y":-0.016350530087947847,"z":0.002210803795605898,"w":0.9908472299575806},"size":1.6712665557861329,"orthographic":false}