{"cameraMode":{"drawMode":2,"name":"Shaded Wireframe","section":"Shading Mode"},"sceneLighting":true,"audioPlay":false,"sceneViewState":{"showFog":true,"showMaterialUpdate":false,"showSkybox":true,"showFlares":true,"showImageEffects":true,"showParticleSystems":true},"in2DMode":false,"pivot":{"x":-0.1777629852294922,"y":0.531982421875,"z":-3.41424560546875},"rotation":{"x":0.5975478291511536,"y":-0.009855996817350388,"z":0.007386971730738878,"w":0.8017387390136719},"size":1.4111799001693726,"orthographic":true}