{"cameraMode":{"drawMode":2,"name":"Shaded Wireframe","section":"Shading Mode"},"sceneLighting":true,"audioPlay":false,"sceneViewState":{"showFog":true,"showMaterialUpdate":false,"showSkybox":true,"showFlares":true,"showImageEffects":true,"showParticleSystems":true},"in2DMode":false,"pivot":{"x":0.4180259704589844,"y":1.339599609375,"z":-3.34521484375},"rotation":{"x":-0.06295610219240189,"y":0.0038997724186629059,"z":-0.00027578341541811824,"w":-0.998008668422699},"size":1.391638159751892,"orthographic":true}