{"cameraMode":{"drawMode":2,"name":"Shaded Wireframe","section":"Shading Mode"},"sceneLighting":true,"audioPlay":false,"sceneViewState":{"showFog":true,"showMaterialUpdate":false,"showSkybox":true,"showFlares":true,"showImageEffects":true,"showParticleSystems":true},"in2DMode":false,"pivot":{"x":-0.19351407885551454,"y":0.6924753785133362,"z":-4.590174198150635},"rotation":{"x":-0.32960233092308047,"y":-0.6009274125099182,"z":0.2980727255344391,"w":-0.6643804311752319},"size":0.38484182953834536,"orthographic":true}