{"cameraMode":{"drawMode":2,"name":"Shaded Wireframe","section":"Shading Mode"},"sceneLighting":false,"audioPlay":false,"sceneViewState":{"showFog":true,"showMaterialUpdate":false,"showSkybox":true,"showFlares":true,"showImageEffects":true,"showParticleSystems":true},"in2DMode":false,"pivot":{"x":0.004219621419906616,"y":1.2209999561309815,"z":-0.28200000524520876},"rotation":{"x":-0.01721244677901268,"y":-0.1476195603609085,"z":0.0025706656742841007,"w":-0.9888911247253418},"size":22.0,"orthographic":false}