{"cameraMode":{"drawMode":2,"name":"Shaded Wireframe","section":"Shading Mode"},"sceneLighting":true,"audioPlay":false,"sceneViewState":{"showFog":true,"showMaterialUpdate":false,"showSkybox":true,"showFlares":true,"showImageEffects":true,"showParticleSystems":true},"in2DMode":false,"pivot":{"x":0.34619140625,"y":0.79498291015625,"z":-3.0799560546875},"rotation":{"x":0.11121860146522522,"y":-0.1352165937423706,"z":0.015276369638741017,"w":0.9844356179237366},"size":3.199514150619507,"orthographic":true}