{"cameraMode":{"drawMode":2,"name":"Shaded Wireframe","section":"Shading Mode"},"sceneLighting":true,"audioPlay":false,"sceneViewState":{"showFog":true,"showMaterialUpdate":false,"showSkybox":true,"showFlares":true,"showImageEffects":true,"showParticleSystems":true},"in2DMode":false,"pivot":{"x":3.3790879249572756,"y":1.1766607761383057,"z":-3.284122943878174},"rotation":{"x":-0.42767831683158877,"y":0.148526132106781,"z":-0.07149210572242737,"w":-0.888774573802948},"size":3.975811243057251,"orthographic":true}