{"cameraMode":{"drawMode":2,"name":"Shaded Wireframe","section":"Shading Mode"},"sceneLighting":false,"audioPlay":false,"sceneViewState":{"showFog":true,"showMaterialUpdate":false,"showSkybox":true,"showFlares":true,"showImageEffects":true,"showParticleSystems":true},"in2DMode":false,"pivot":{"x":0.22814975678920747,"y":0.020092502236366273,"z":0.20992568135261537},"rotation":{"x":-0.07084759324789047,"y":0.7949308156967163,"z":-0.09464260935783386,"w":-0.5950701832771301},"size":1.599434733390808,"orthographic":true}