{"cameraMode":{"drawMode":2,"name":"Shaded Wireframe","section":"Shading Mode"},"sceneLighting":true,"audioPlay":false,"sceneViewState":{"showFog":true,"showMaterialUpdate":false,"showSkybox":true,"showFlares":true,"showImageEffects":true,"showParticleSystems":true},"in2DMode":false,"pivot":{"x":0.15700000524520875,"y":0.10000000149011612,"z":0.4936999976634979},"rotation":{"x":-0.06873241811990738,"y":0.49937424063682558,"z":-0.03978407010436058,"w":-0.8627389669418335},"size":0.21823589503765107,"orthographic":true}