{"cameraMode":{"drawMode":2,"name":"Shaded Wireframe","section":"Shading Mode"},"sceneLighting":true,"audioPlay":false,"sceneViewState":{"showFog":true,"showMaterialUpdate":false,"showSkybox":true,"showFlares":true,"showImageEffects":true,"showParticleSystems":true},"in2DMode":false,"pivot":{"x":-0.11663818359375,"y":0.61798095703125,"z":-3.25244140625},"rotation":{"x":0.7074933052062988,"y":-0.007419957313686609,"z":0.0074293646030128,"w":0.7066420316696167},"size":1.4898439645767213,"orthographic":true}