{"cameraMode":{"drawMode":2,"name":"Shaded Wireframe","section":"Shading Mode"},"sceneLighting":true,"audioPlay":false,"sceneViewState":{"showFog":true,"showMaterialUpdate":false,"showSkybox":true,"showFlares":true,"showImageEffects":true,"showParticleSystems":true},"in2DMode":false,"pivot":{"x":-0.1777629852294922,"y":0.531982421875,"z":-3.41424560546875},"rotation":{"x":0.12259618192911148,"y":0.03838497772812843,"z":-0.004711776971817017,"w":0.9917029142379761},"size":0.8875831961631775,"orthographic":true}